id,name,address,district_id,founding_year,tea_type,avg_price,popularity,is_historic,community_type,cultural_tags,update_time,coordinates_lng,coordinates_lat
1,梁平区茶园,梁平区224号,23,1930,"麻将,古筝",36.76,560,True,社区型,"[""\u9ebb\u5c06"", ""\u53e4\u7b5d""]",2025-11-11 15:10:58,106.5156488,29.5501845
2,开州区茶舍,开州区53号,22,1978,"盖碗茶,评书",48.62,995,False,社区型,"[""\u76d6\u7897\u8336"", ""\u8bc4\u4e66""]",2025-11-11 15:10:58,106.5075966,29.5832991
3,城口县茶舍,城口县250号,25,1954,"川剧,盖碗茶,茶艺",68.41,75,False,景区型,"[""\u5ddd\u5267"", ""\u76d6\u7897\u8336"", ""\u8336\u827a""]",2025-11-11 15:10:58,106.5582571,29.5091977
4,云阳县茶艺馆,云阳县306号,29,1982,"采耳,古筝",73.86,811,False,社区型,"[""\u91c7\u8033"", ""\u53e4\u7b5d""]",2025-11-11 15:10:58,106.6248222,29.5394225
5,渝北区老茶馆,渝北区85号,8,1978,采耳,41.94,669,False,社区型,"[""\u91c7\u8033""]",2025-11-11 15:10:58,106.5837154,29.5384158
6,南岸区老茶馆,南岸区498号,3,1953,"盖碗茶,川剧",73.62,583,False,社区型,"[""\u76d6\u7897\u8336"", ""\u5ddd\u5267""]",2025-11-11 15:10:58,106.5136243,29.5999065
7,渝中区茶舍,渝中区352号,1,1991,盖碗茶,31.78,32,False,社区型,"[""\u76d6\u7897\u8336""]",2025-11-11 15:10:58,106.6350249,29.6021522
8,沙坪坝区茶艺馆,沙坪坝区210号,4,1979,川剧,63.83,103,False,社区型,"[""\u5ddd\u5267""]",2025-11-11 15:10:58,106.5576108,29.6163707
9,涪陵区茶艺馆,涪陵区349号,11,1952,盖碗茶,57.87,521,False,景区型,"[""\u76d6\u7897\u8336""]",2025-11-11 15:10:58,106.5468929,29.519846
10,江津区老茶馆,江津区187号,14,1916,"评书,麻将",22.95,423,True,社区型,"[""\u8bc4\u4e66"", ""\u9ebb\u5c06""]",2025-11-11 15:10:58,106.579313,29.5743809
11,奉节县茶园,奉节县339号,30,2007,"古筝,川剧,盖碗茶",78.03,776,False,景区型,"[""\u53e4\u7b5d"", ""\u5ddd\u5267"", ""\u76d6\u7897\u8336""]",2025-11-11 15:10:58,106.5715121,29.5394903
12,南岸区茶园,南岸区71号,3,2013,"茶艺,采耳",22.26,558,False,景区型,"[""\u8336\u827a"", ""\u91c7\u8033""]",2025-11-11 15:10:58,106.5098911,29.6232677
13,璧山区茶艺馆,璧山区409号,18,1988,"采耳,茶艺",15.19,523,False,景区型,"[""\u91c7\u8033"", ""\u8336\u827a""]",2025-11-11 15:10:58,106.4686267,29.5338312
14,九龙坡区老茶馆,九龙坡区202号,5,1986,"评书,盖碗茶,古筝",64.89,279,False,景区型,"[""\u8bc4\u4e66"", ""\u76d6\u7897\u8336"", ""\u53e4\u7b5d""]",2025-11-11 15:10:58,106.576582,29.5875251
15,石柱县茶艺馆,石柱县180号,33,2018,盖碗茶,54.71,785,False,景区型,"[""\u76d6\u7897\u8336""]",2025-11-11 15:10:58,106.5429033,29.5410866
16,城口县老茶馆,城口县172号,25,2000,川剧,55.62,578,False,景区型,"[""\u5ddd\u5267""]",2025-11-11 15:10:58,106.5635821,29.4944095
17,大渡口区老茶馆,大渡口区264号,6,1942,采耳,23.91,174,True,社区型,"[""\u91c7\u8033""]",2025-11-11 15:10:58,106.5896456,29.51478
18,城口县茶舍,城口县153号,25,1977,"麻将,盖碗茶",68.81,414,False,景区型,"[""\u9ebb\u5c06"", ""\u76d6\u7897\u8336""]",2025-11-11 15:10:58,106.494685,29.513694
19,酉阳县老茶馆,酉阳县428号,35,1989,麻将,26.78,597,False,景区型,"[""\u9ebb\u5c06""]",2025-11-11 15:10:58,106.5166846,29.5395301
20,沙坪坝区茶园,沙坪坝区17号,4,1975,"采耳,古筝,评书",45.49,585,False,景区型,"[""\u91c7\u8033"", ""\u53e4\u7b5d"", ""\u8bc4\u4e66""]",2025-11-11 15:10:58,106.5025411,29.6009762
21,大渡口区老茶馆,大渡口区54号,6,1963,"评书,川剧",49.38,936,False,景区型,"[""\u8bc4\u4e66"", ""\u5ddd\u5267""]",2025-11-11 15:10:58,106.635681,29.5694924
22,北碚区茶舍,北碚区30号,7,1953,"采耳,古筝",25.29,716,False,景区型,"[""\u91c7\u8033"", ""\u53e4\u7b5d""]",2025-11-11 15:10:58,106.5192574,29.5939211
23,南岸区茶舍,南岸区462号,3,1969,"古筝,麻将,盖碗茶",75.3,78,False,景区型,"[""\u53e4\u7b5d"", ""\u9ebb\u5c06"", ""\u76d6\u7897\u8336""]",2025-11-11 15:10:58,106.5055915,29.5963535
24,璧山区茶艺馆,璧山区389号,18,2008,"采耳,古筝,评书",34.62,192,False,景区型,"[""\u91c7\u8033"", ""\u53e4\u7b5d"", ""\u8bc4\u4e66""]",2025-11-11 15:10:58,106.475233,29.5614079
25,秀山县老茶馆,秀山县481号,34,1985,"盖碗茶,麻将",60.61,995,False,景区型,"[""\u76d6\u7897\u8336"", ""\u9ebb\u5c06""]",2025-11-11 15:10:58,106.5028845,29.6110132
26,大渡口区茶舍,大渡口区57号,6,1957,"盖碗茶,评书",61.93,289,False,社区型,"[""\u76d6\u7897\u8336"", ""\u8bc4\u4e66""]",2025-11-11 15:10:58,106.6049663,29.5511383
27,梁平区茶园,梁平区201号,23,1982,评书,55.36,64,False,社区型,"[""\u8bc4\u4e66""]",2025-11-11 15:10:58,106.5169089,29.5685259
28,江津区老茶馆,江津区329号,14,1998,"采耳,茶艺,盖碗茶",71.57,56,False,社区型,"[""\u91c7\u8033"", ""\u8336\u827a"", ""\u76d6\u7897\u8336""]",2025-11-11 15:10:58,106.5690236,29.5698255
29,垫江县茶舍,垫江县147号,27,1995,采耳,32.54,840,False,景区型,"[""\u91c7\u8033""]",2025-11-11 15:10:58,106.6171593,29.5195626
30,酉阳县茶舍,酉阳县387号,35,1990,"盖碗茶,川剧",45.48,900,False,景区型,"[""\u76d6\u7897\u8336"", ""\u5ddd\u5267""]",2025-11-11 15:10:58,106.5170477,29.502028
31,武隆区茶艺馆,武隆区53号,24,1953,"麻将,茶艺",22.77,361,False,社区型,"[""\u9ebb\u5c06"", ""\u8336\u827a""]",2025-11-11 15:10:58,106.566881,29.5878798
32,大足区茶艺馆,大足区325号,17,1978,"古筝,采耳",66.7,816,False,社区型,"[""\u53e4\u7b5d"", ""\u91c7\u8033""]",2025-11-11 15:10:58,106.4966022,29.5403984
33,北碚区茶舍,北碚区201号,7,1970,"评书,采耳,麻将",51.14,953,False,社区型,"[""\u8bc4\u4e66"", ""\u91c7\u8033"", ""\u9ebb\u5c06""]",2025-11-11 15:10:58,106.5659281,29.610401
34,綦江区茶舍,綦江区150号,16,1991,"采耳,茶艺",48.92,806,False,景区型,"[""\u91c7\u8033"", ""\u8336\u827a""]",2025-11-11 15:10:58,106.5599486,29.6050905
35,永川区茶舍,永川区201号,12,2020,"采耳,古筝,麻将",62.96,124,False,商务型,"[""\u91c7\u8033"", ""\u53e4\u7b5d"", ""\u9ebb\u5c06""]",2025-11-11 15:10:58,106.545623,29.6229603
36,铜梁区茶艺馆,铜梁区318号,19,2015,采耳,73.73,266,False,景区型,"[""\u91c7\u8033""]",2025-11-11 15:10:58,106.5374768,29.5264679
37,梁平区老茶馆,梁平区227号,23,1924,"麻将,茶艺,评书",16.46,900,True,社区型,"[""\u9ebb\u5c06"", ""\u8336\u827a"", ""\u8bc4\u4e66""]",2025-11-11 15:10:58,106.4714348,29.5393263
38,巫山县老茶馆,巫山县473号,31,1933,"茶艺,川剧",56.52,618,True,社区型,"[""\u8336\u827a"", ""\u5ddd\u5267""]",2025-11-11 15:10:58,106.5504647,29.5936289
39,巫山县老茶馆,巫山县105号,31,1950,盖碗茶,60.7,472,False,社区型,"[""\u76d6\u7897\u8336""]",2025-11-11 15:10:58,106.5686314,29.5690938
40,江津区茶艺馆,江津区265号,14,1963,麻将,43.74,160,False,景区型,"[""\u9ebb\u5c06""]",2025-11-11 15:10:58,106.552016,29.5759769
41,綦江区老茶馆,綦江区304号,16,2007,"茶艺,采耳,古筝",59.07,345,False,景区型,"[""\u8336\u827a"", ""\u91c7\u8033"", ""\u53e4\u7b5d""]",2025-11-11 15:10:58,106.5259516,29.6086668
42,奉节县老茶馆,奉节县437号,30,2012,"川剧,茶艺",45.73,554,False,商务型,"[""\u5ddd\u5267"", ""\u8336\u827a""]",2025-11-11 15:10:58,106.6074497,29.5205339
43,南岸区茶艺馆,南岸区67号,3,1999,评书,54.03,475,False,社区型,"[""\u8bc4\u4e66""]",2025-11-11 15:10:58,106.5038752,29.5504024
44,北碚区茶艺馆,北碚区102号,7,1962,"古筝,盖碗茶",21.89,987,False,景区型,"[""\u53e4\u7b5d"", ""\u76d6\u7897\u8336""]",2025-11-11 15:10:58,106.5480685,29.5591029
45,石柱县茶艺馆,石柱县252号,33,1958,"茶艺,古筝,采耳",45.23,696,False,社区型,"[""\u8336\u827a"", ""\u53e4\u7b5d"", ""\u91c7\u8033""]",2025-11-11 15:10:58,106.5122104,29.5470324
46,武隆区茶园,武隆区193号,24,2013,"盖碗茶,评书",31.33,444,False,商务型,"[""\u76d6\u7897\u8336"", ""\u8bc4\u4e66""]",2025-11-11 15:10:58,106.5647421,29.5639193
47,渝北区茶艺馆,渝北区487号,8,2011,"采耳,川剧,盖碗茶",48.81,694,False,景区型,"[""\u91c7\u8033"", ""\u5ddd\u5267"", ""\u76d6\u7897\u8336""]",2025-11-11 15:10:58,106.5732787,29.5544317
48,北碚区茶园,北碚区374号,7,1971,"采耳,盖碗茶,茶艺",35.18,798,False,景区型,"[""\u91c7\u8033"", ""\u76d6\u7897\u8336"", ""\u8336\u827a""]",2025-11-11 15:10:58,106.6043539,29.5602574
49,丰都县老茶馆,丰都县418号,26,1994,"茶艺,采耳",29.91,70,False,景区型,"[""\u8336\u827a"", ""\u91c7\u8033""]",2025-11-11 15:10:58,106.617507,29.5348468
50,秀山县老茶馆,秀山县81号,34,1958,"采耳,评书",27.81,209,False,景区型,"[""\u91c7\u8033"", ""\u8bc4\u4e66""]",2025-11-11 15:10:58,106.5060866,29.5530137
51,沙坪坝区老茶馆,沙坪坝区30号,4,1988,"评书,采耳,盖碗茶",74.85,973,False,社区型,"[""\u8bc4\u4e66"", ""\u91c7\u8033"", ""\u76d6\u7897\u8336""]",2025-11-11 15:10:58,106.5408725,29.6327604
52,沙坪坝区茶园,沙坪坝区180号,4,1922,"川剧,评书",39.84,297,True,社区型,"[""\u5ddd\u5267"", ""\u8bc4\u4e66""]",2025-11-11 15:10:58,106.5472955,29.5822818
53,石柱县茶舍,石柱县284号,33,1967,川剧,58.03,364,False,社区型,"[""\u5ddd\u5267""]",2025-11-11 15:10:58,106.5320866,29.5059243
54,合川区茶艺馆,合川区105号,13,2007,评书,79.41,800,False,商务型,"[""\u8bc4\u4e66""]",2025-11-11 15:10:58,106.5167499,29.5907747
55,开州区茶艺馆,开州区368号,22,2010,麻将,72.44,736,False,景区型,"[""\u9ebb\u5c06""]",2025-11-11 15:10:58,106.5605618,29.6108738
56,南川区茶舍,南川区172号,15,2015,盖碗茶,52.78,816,False,景区型,"[""\u76d6\u7897\u8336""]",2025-11-11 15:10:58,106.5971092,29.5655365
57,綦江区茶园,綦江区348号,16,2006,"麻将,评书",26.05,227,False,商务型,"[""\u9ebb\u5c06"", ""\u8bc4\u4e66""]",2025-11-11 15:10:58,106.5871105,29.5966488
58,荣昌区茶舍,荣昌区271号,21,1970,采耳,29.23,588,False,社区型,"[""\u91c7\u8033""]",2025-11-11 15:10:58,106.5856239,29.5997109
59,潼南区茶艺馆,潼南区453号,20,1992,"川剧,麻将,盖碗茶",76.56,995,False,景区型,"[""\u5ddd\u5267"", ""\u9ebb\u5c06"", ""\u76d6\u7897\u8336""]",2025-11-11 15:10:58,106.5406552,29.5432687
60,开州区茶艺馆,开州区157号,22,1972,评书,41.91,469,False,社区型,"[""\u8bc4\u4e66""]",2025-11-11 15:10:58,106.4936142,29.5855629
61,石柱县茶园,石柱县344号,33,2019,"评书,茶艺,古筝",73.26,873,False,商务型,"[""\u8bc4\u4e66"", ""\u8336\u827a"", ""\u53e4\u7b5d""]",2025-11-11 15:10:58,106.4884035,29.5093219
62,潼南区茶艺馆,潼南区68号,20,1951,"采耳,古筝,评书",21.68,377,False,社区型,"[""\u91c7\u8033"", ""\u53e4\u7b5d"", ""\u8bc4\u4e66""]",2025-11-11 15:10:58,106.5569477,29.5315683
63,南岸区茶艺馆,南岸区112号,3,1986,"麻将,川剧,盖碗茶",24.04,830,False,景区型,"[""\u9ebb\u5c06"", ""\u5ddd\u5267"", ""\u76d6\u7897\u8336""]",2025-11-11 15:10:58,106.5503817,29.6029718
64,石柱县老茶馆,石柱县381号,33,1969,"盖碗茶,茶艺",16.21,217,False,景区型,"[""\u76d6\u7897\u8336"", ""\u8336\u827a""]",2025-11-11 15:10:58,106.5589871,29.5083455
65,北碚区茶园,北碚区453号,7,2017,评书,52.76,318,False,商务型,"[""\u8bc4\u4e66""]",2025-11-11 15:10:58,106.557097,29.6097641
66,开州区茶园,开州区52号,22,2003,"盖碗茶,采耳",48.06,25,False,商务型,"[""\u76d6\u7897\u8336"", ""\u91c7\u8033""]",2025-11-11 15:10:58,106.5369052,29.6225052
67,涪陵区茶园,涪陵区91号,11,2016,"盖碗茶,麻将",36.07,66,False,景区型,"[""\u76d6\u7897\u8336"", ""\u9ebb\u5c06""]",2025-11-11 15:10:58,106.5889244,29.4930301
68,璧山区茶舍,璧山区125号,18,1956,"古筝,评书",27.75,813,False,社区型,"[""\u53e4\u7b5d"", ""\u8bc4\u4e66""]",2025-11-11 15:10:58,106.464452,29.5550784
69,云阳县茶艺馆,云阳县343号,29,2023,"茶艺,川剧,评书",27.04,654,False,商务型,"[""\u8336\u827a"", ""\u5ddd\u5267"", ""\u8bc4\u4e66""]",2025-11-11 15:10:58,106.5951181,29.5500924
70,巴南区茶舍,巴南区360号,9,1984,川剧,58.06,98,False,景区型,"[""\u5ddd\u5267""]",2025-11-11 15:10:58,106.5578931,29.5569321
71,江津区茶园,江津区17号,14,1981,古筝,47.86,821,False,景区型,"[""\u53e4\u7b5d""]",2025-11-11 15:10:58,106.6075232,29.559824
72,合川区茶舍,合川区348号,13,1984,评书,72.98,868,False,景区型,"[""\u8bc4\u4e66""]",2025-11-11 15:10:58,106.5116768,29.6299893
73,大足区老茶馆,大足区122号,17,1976,"盖碗茶,评书,麻将",62.08,671,False,景区型,"[""\u76d6\u7897\u8336"", ""\u8bc4\u4e66"", ""\u9ebb\u5c06""]",2025-11-11 15:10:58,106.5503713,29.5290927
74,垫江县老茶馆,垫江县275号,27,2023,评书,58.77,681,False,商务型,"[""\u8bc4\u4e66""]",2025-11-11 15:10:58,106.542152,29.5427513
75,武隆区茶艺馆,武隆区223号,24,1959,"采耳,麻将",63.63,41,False,景区型,"[""\u91c7\u8033"", ""\u9ebb\u5c06""]",2025-11-11 15:10:58,106.5205106,29.5949253
76,秀山县老茶馆,秀山县362号,34,1935,"川剧,盖碗茶,麻将",71.22,210,True,社区型,"[""\u5ddd\u5267"", ""\u76d6\u7897\u8336"", ""\u9ebb\u5c06""]",2025-11-11 15:10:58,106.5186492,29.607438
77,石柱县老茶馆,石柱县404号,33,2017,"川剧,麻将,茶艺",57.35,656,False,商务型,"[""\u5ddd\u5267"", ""\u9ebb\u5c06"", ""\u8336\u827a""]",2025-11-11 15:10:58,106.512186,29.5008571
78,南川区老茶馆,南川区414号,15,1961,古筝,31.27,335,False,社区型,"[""\u53e4\u7b5d""]",2025-11-11 15:10:58,106.5876163,29.5594236
79,潼南区茶艺馆,潼南区485号,20,1954,茶艺,43.79,977,False,社区型,"[""\u8336\u827a""]",2025-11-11 15:10:58,106.5019935,29.5748594
80,北碚区老茶馆,北碚区29号,7,1966,茶艺,23.16,14,False,景区型,"[""\u8336\u827a""]",2025-11-11 15:10:58,106.5431358,29.5820799
81,云阳县老茶馆,云阳县142号,29,1981,"采耳,麻将,评书",54.12,445,False,景区型,"[""\u91c7\u8033"", ""\u9ebb\u5c06"", ""\u8bc4\u4e66""]",2025-11-11 15:10:58,106.5870866,29.5324533
82,渝中区老茶馆,渝中区323号,1,1915,"川剧,盖碗茶,评书",42.7,358,True,社区型,"[""\u5ddd\u5267"", ""\u76d6\u7897\u8336"", ""\u8bc4\u4e66""]",2025-11-11 15:10:58,106.5970214,29.5479833
83,九龙坡区茶舍,九龙坡区291号,5,2019,评书,22.08,853,False,景区型,"[""\u8bc4\u4e66""]",2025-11-11 15:10:58,106.5513284,29.5224076
84,万州区老茶馆,万州区94号,10,1970,"古筝,茶艺,盖碗茶",30.82,288,False,社区型,"[""\u53e4\u7b5d"", ""\u8336\u827a"", ""\u76d6\u7897\u8336""]",2025-11-11 15:10:58,106.5875411,29.5479105
85,石柱县老茶馆,石柱县56号,33,1958,"采耳,川剧,盖碗茶",16.74,217,False,景区型,"[""\u91c7\u8033"", ""\u5ddd\u5267"", ""\u76d6\u7897\u8336""]",2025-11-11 15:10:58,106.5562649,29.5117309
86,彭水县老茶馆,彭水县446号,36,1993,"茶艺,古筝,采耳",23.59,392,False,社区型,"[""\u8336\u827a"", ""\u53e4\u7b5d"", ""\u91c7\u8033""]",2025-11-11 15:10:58,106.5599553,29.5450169
87,酉阳县茶园,酉阳县291号,35,2013,"采耳,古筝",64.1,100,False,景区型,"[""\u91c7\u8033"", ""\u53e4\u7b5d""]",2025-11-11 15:10:58,106.499574,29.5058345
88,涪陵区茶舍,涪陵区320号,11,1953,"茶艺,古筝",29.86,644,False,景区型,"[""\u8336\u827a"", ""\u53e4\u7b5d""]",2025-11-11 15:10:58,106.5345687,29.5181104
89,荣昌区茶园,荣昌区375号,21,1957,评书,78.99,20,False,景区型,"[""\u8bc4\u4e66""]",2025-11-11 15:10:58,106.6104872,29.5850727
90,城口县茶舍,城口县322号,25,2002,"采耳,古筝",25.82,192,False,景区型,"[""\u91c7\u8033"", ""\u53e4\u7b5d""]",2025-11-11 15:10:58,106.481237,29.5445432
91,江津区茶园,江津区214号,14,1923,川剧,43.46,78,True,社区型,"[""\u5ddd\u5267""]",2025-11-11 15:10:58,106.6107025,29.5734184
92,合川区茶艺馆,合川区195号,13,1977,川剧,27.85,934,False,景区型,"[""\u5ddd\u5267""]",2025-11-11 15:10:58,106.5604194,29.613879
93,彭水县老茶馆,彭水县417号,36,2005,"盖碗茶,采耳",44.28,917,False,景区型,"[""\u76d6\u7897\u8336"", ""\u91c7\u8033""]",2025-11-11 15:10:58,106.5376461,29.5654414
94,忠县茶艺馆,忠县353号,28,2000,川剧,43.14,224,False,景区型,"[""\u5ddd\u5267""]",2025-11-11 15:10:58,106.4919139,29.5571658
95,酉阳县茶舍,酉阳县494号,35,1958,"川剧,采耳,麻将",55.44,739,False,社区型,"[""\u5ddd\u5267"", ""\u91c7\u8033"", ""\u9ebb\u5c06""]",2025-11-11 15:10:58,106.540365,29.5091097
96,綦江区茶园,綦江区211号,16,1975,"麻将,川剧,评书",77.92,907,False,社区型,"[""\u9ebb\u5c06"", ""\u5ddd\u5267"", ""\u8bc4\u4e66""]",2025-11-11 15:10:58,106.5340919,29.6343355
97,大足区茶舍,大足区271号,17,1992,"古筝,评书",34.41,128,False,景区型,"[""\u53e4\u7b5d"", ""\u8bc4\u4e66""]",2025-11-11 15:10:58,106.5400737,29.4893086
98,九龙坡区茶园,九龙坡区294号,5,1978,麻将,66.17,957,False,社区型,"[""\u9ebb\u5c06""]",2025-11-11 15:10:58,106.6166665,29.5211594
99,潼南区茶艺馆,潼南区140号,20,1957,"盖碗茶,评书",61.32,434,False,社区型,"[""\u76d6\u7897\u8336"", ""\u8bc4\u4e66""]",2025-11-11 15:10:58,106.5648394,29.5443171
100,沙坪坝区茶艺馆,沙坪坝区274号,4,1982,麻将,17.81,570,False,社区型,"[""\u9ebb\u5c06""]",2025-11-11 15:10:58,106.4783075,29.633969
101,城口县茶园,城口县352号,25,2024,茶艺,43.23,646,False,景区型,"[""\u8336\u827a""]",2025-11-11 15:10:58,106.5575429,29.5637481
102,巫山县茶舍,巫山县187号,31,1920,采耳,29.6,700,True,社区型,"[""\u91c7\u8033""]",2025-11-11 15:10:58,106.5995792,29.5295034
103,渝中区老茶馆,渝中区241号,1,1911,"茶艺,川剧,评书",24.51,883,True,社区型,"[""\u8336\u827a"", ""\u5ddd\u5267"", ""\u8bc4\u4e66""]",2025-11-11 15:10:58,106.588118,29.542755
104,大渡口区老茶馆,大渡口区493号,6,1950,古筝,54.75,511,False,景区型,"[""\u53e4\u7b5d""]",2025-11-11 15:10:58,106.5739069,29.5383328
105,九龙坡区老茶馆,九龙坡区411号,5,1958,盖碗茶,26.79,625,False,景区型,"[""\u76d6\u7897\u8336""]",2025-11-11 15:10:58,106.5391077,29.5520002
106,沙坪坝区老茶馆,沙坪坝区26号,4,1958,"盖碗茶,川剧,采耳",35.39,420,False,景区型,"[""\u76d6\u7897\u8336"", ""\u5ddd\u5267"", ""\u91c7\u8033""]",2025-11-11 15:10:58,106.5402568,29.5865909
107,云阳县茶园,云阳县57号,29,1941,"川剧,采耳,茶艺",78.61,247,True,社区型,"[""\u5ddd\u5267"", ""\u91c7\u8033"", ""\u8336\u827a""]",2025-11-11 15:10:58,106.5885333,29.514313
108,秀山县茶园,秀山县495号,34,2011,"麻将,盖碗茶,评书",59.47,989,False,景区型,"[""\u9ebb\u5c06"", ""\u76d6\u7897\u8336"", ""\u8bc4\u4e66""]",2025-11-11 15:10:58,106.5524986,29.5971935
109,涪陵区茶舍,涪陵区397号,11,1992,"评书,古筝,采耳",54.11,335,False,景区型,"[""\u8bc4\u4e66"", ""\u53e4\u7b5d"", ""\u91c7\u8033""]",2025-11-11 15:10:58,106.5656975,29.5257914
110,巫溪县老茶馆,巫溪县289号,32,2003,"评书,采耳",19.77,637,False,景区型,"[""\u8bc4\u4e66"", ""\u91c7\u8033""]",2025-11-11 15:10:58,106.6150239,29.5522183
111,九龙坡区茶舍,九龙坡区47号,5,1995,评书,34.16,959,False,景区型,"[""\u8bc4\u4e66""]",2025-11-11 15:10:58,106.5293117,29.5383713
112,涪陵区老茶馆,涪陵区254号,11,1959,"川剧,盖碗茶",26.23,70,False,景区型,"[""\u5ddd\u5267"", ""\u76d6\u7897\u8336""]",2025-11-11 15:10:58,106.5808714,29.5238564
113,永川区老茶馆,永川区233号,12,1983,"盖碗茶,茶艺,评书",35.15,68,False,社区型,"[""\u76d6\u7897\u8336"", ""\u8336\u827a"", ""\u8bc4\u4e66""]",2025-11-11 15:10:58,106.4697667,29.6039678
114,丰都县老茶馆,丰都县498号,26,1960,古筝,64.75,737,False,景区型,"[""\u53e4\u7b5d""]",2025-11-11 15:10:58,106.5934711,29.5830621
115,巫山县老茶馆,巫山县230号,31,2010,"川剧,麻将",18.56,691,False,景区型,"[""\u5ddd\u5267"", ""\u9ebb\u5c06""]",2025-11-11 15:10:58,106.6196092,29.5346054
116,云阳县茶园,云阳县274号,29,2023,"茶艺,麻将,盖碗茶",20.39,215,False,景区型,"[""\u8336\u827a"", ""\u9ebb\u5c06"", ""\u76d6\u7897\u8336""]",2025-11-11 15:10:58,106.5296308,29.5206946
117,万州区茶舍,万州区492号,10,2011,"采耳,川剧,评书",18.41,780,False,景区型,"[""\u91c7\u8033"", ""\u5ddd\u5267"", ""\u8bc4\u4e66""]",2025-11-11 15:10:58,106.5692394,29.5833271
118,巴南区茶艺馆,巴南区124号,9,1967,"川剧,评书,采耳",21.11,461,False,社区型,"[""\u5ddd\u5267"", ""\u8bc4\u4e66"", ""\u91c7\u8033""]",2025-11-11 15:10:58,106.5612074,29.5545895
119,南岸区茶园,南岸区329号,3,1956,古筝,21.76,731,False,社区型,"[""\u53e4\u7b5d""]",2025-11-11 15:10:58,106.5385774,29.560104
120,沙坪坝区老茶馆,沙坪坝区14号,4,1981,"古筝,盖碗茶",21.21,505,False,景区型,"[""\u53e4\u7b5d"", ""\u76d6\u7897\u8336""]",2025-11-11 15:10:58,106.536704,29.6165998
121,江津区茶艺馆,江津区34号,14,1991,"采耳,评书,古筝",59.67,103,False,景区型,"[""\u91c7\u8033"", ""\u8bc4\u4e66"", ""\u53e4\u7b5d""]",2025-11-11 15:10:58,106.5792598,29.5746153
122,涪陵区茶园,涪陵区44号,11,1984,"采耳,茶艺",47.26,759,False,景区型,"[""\u91c7\u8033"", ""\u8336\u827a""]",2025-11-11 15:10:58,106.5817387,29.5608972
123,江北区老茶馆,江北区446号,2,1986,"川剧,麻将",67.67,839,False,景区型,"[""\u5ddd\u5267"", ""\u9ebb\u5c06""]",2025-11-11 15:10:58,106.5794345,29.5262009
124,垫江县老茶馆,垫江县139号,27,1993,麻将,69.55,997,False,景区型,"[""\u9ebb\u5c06""]",2025-11-11 15:10:58,106.5718486,29.5548621
125,九龙坡区茶艺馆,九龙坡区441号,5,2021,"评书,采耳,盖碗茶",58.56,388,False,景区型,"[""\u8bc4\u4e66"", ""\u91c7\u8033"", ""\u76d6\u7897\u8336""]",2025-11-11 15:10:58,106.6158501,29.5596824
126,垫江县老茶馆,垫江县131号,27,2012,"采耳,评书,盖碗茶",41.07,820,False,景区型,"[""\u91c7\u8033"", ""\u8bc4\u4e66"", ""\u76d6\u7897\u8336""]",2025-11-11 15:10:58,106.5689662,29.511521
127,开州区茶园,开州区230号,22,2008,"茶艺,采耳,评书",44.65,770,False,商务型,"[""\u8336\u827a"", ""\u91c7\u8033"", ""\u8bc4\u4e66""]",2025-11-11 15:10:58,106.5585023,29.5595332
128,璧山区老茶馆,璧山区59号,18,1956,"盖碗茶,茶艺",67.47,299,False,景区型,"[""\u76d6\u7897\u8336"", ""\u8336\u827a""]",2025-11-11 15:10:58,106.478228,29.5204366
129,巫溪县茶舍,巫溪县453号,32,1958,评书,33.54,633,False,景区型,"[""\u8bc4\u4e66""]",2025-11-11 15:10:58,106.6078602,29.5633376
130,南川区老茶馆,南川区145号,15,2019,采耳,55.72,282,False,商务型,"[""\u91c7\u8033""]",2025-11-11 15:10:58,106.5489564,29.5652402
131,江北区老茶馆,江北区441号,2,1962,评书,72.14,136,False,社区型,"[""\u8bc4\u4e66""]",2025-11-11 15:10:58,106.4980987,29.5558184
132,酉阳县茶艺馆,酉阳县456号,35,1950,"麻将,川剧,古筝",76.68,318,True,社区型,"[""\u9ebb\u5c06"", ""\u5ddd\u5267"", ""\u53e4\u7b5d""]",2025-11-11 15:10:58,106.5056573,29.538533
133,丰都县茶园,丰都县16号,26,1997,茶艺,74.01,536,False,景区型,"[""\u8336\u827a""]",2025-11-11 15:10:58,106.57531,29.5813064
134,忠县茶园,忠县384号,28,2007,"采耳,茶艺,评书",17.41,567,False,商务型,"[""\u91c7\u8033"", ""\u8336\u827a"", ""\u8bc4\u4e66""]",2025-11-11 15:10:58,106.5712757,29.558492
135,沙坪坝区老茶馆,沙坪坝区16号,4,1971,"评书,古筝,川剧",72.11,37,False,景区型,"[""\u8bc4\u4e66"", ""\u53e4\u7b5d"", ""\u5ddd\u5267""]",2025-11-11 15:10:58,106.5141121,29.5727476
136,渝中区茶园,渝中区20号,1,1978,古筝,66.62,201,False,社区型,"[""\u53e4\u7b5d""]",2025-11-11 15:10:58,106.5633825,29.5439518
137,忠县老茶馆,忠县333号,28,1988,"麻将,古筝,盖碗茶",47.92,139,False,景区型,"[""\u9ebb\u5c06"", ""\u53e4\u7b5d"", ""\u76d6\u7897\u8336""]",2025-11-11 15:10:58,106.56866,29.5526603
138,璧山区茶舍,璧山区432号,18,1992,"古筝,茶艺,盖碗茶",42.27,782,False,景区型,"[""\u53e4\u7b5d"", ""\u8336\u827a"", ""\u76d6\u7897\u8336""]",2025-11-11 15:10:58,106.49272,29.5757804
139,渝北区茶舍,渝北区90号,8,2015,评书,20.95,686,False,商务型,"[""\u8bc4\u4e66""]",2025-11-11 15:10:58,106.511312,29.5603394
140,秀山县茶舍,秀山县27号,34,2021,"盖碗茶,古筝,茶艺",73.86,162,False,商务型,"[""\u76d6\u7897\u8336"", ""\u53e4\u7b5d"", ""\u8336\u827a""]",2025-11-11 15:10:58,106.5570057,29.5796859
141,云阳县老茶馆,云阳县185号,29,1974,"盖碗茶,麻将,采耳",66.94,268,False,社区型,"[""\u76d6\u7897\u8336"", ""\u9ebb\u5c06"", ""\u91c7\u8033""]",2025-11-11 15:10:58,106.5674508,29.5247751
142,涪陵区老茶馆,涪陵区167号,11,1986,古筝,75.25,133,False,景区型,"[""\u53e4\u7b5d""]",2025-11-11 15:10:58,106.5682893,29.4895881
143,九龙坡区茶舍,九龙坡区265号,5,2005,"评书,盖碗茶",47.37,851,False,景区型,"[""\u8bc4\u4e66"", ""\u76d6\u7897\u8336""]",2025-11-11 15:10:58,106.53097,29.5200881
144,酉阳县老茶馆,酉阳县236号,35,1909,"古筝,川剧",72.52,58,True,社区型,"[""\u53e4\u7b5d"", ""\u5ddd\u5267""]",2025-11-11 15:10:58,106.5164203,29.49945
145,奉节县茶园,奉节县135号,30,1987,"茶艺,古筝,盖碗茶",45.62,240,False,社区型,"[""\u8336\u827a"", ""\u53e4\u7b5d"", ""\u76d6\u7897\u8336""]",2025-11-11 15:10:58,106.5619082,29.4981089
146,开州区茶舍,开州区248号,22,2011,"评书,茶艺",31.55,350,False,景区型,"[""\u8bc4\u4e66"", ""\u8336\u827a""]",2025-11-11 15:10:58,106.4806185,29.6014357
147,酉阳县茶艺馆,酉阳县387号,35,1981,"川剧,评书,古筝",34.8,447,False,景区型,"[""\u5ddd\u5267"", ""\u8bc4\u4e66"", ""\u53e4\u7b5d""]",2025-11-11 15:10:58,106.5191173,29.5166482
148,沙坪坝区老茶馆,沙坪坝区304号,4,2020,"茶艺,评书,古筝",71.7,394,False,商务型,"[""\u8336\u827a"", ""\u8bc4\u4e66"", ""\u53e4\u7b5d""]",2025-11-11 15:10:58,106.4910413,29.620508
149,九龙坡区茶艺馆,九龙坡区39号,5,2009,"川剧,盖碗茶",77.55,772,False,商务型,"[""\u5ddd\u5267"", ""\u76d6\u7897\u8336""]",2025-11-11 15:10:58,106.5782481,29.5343571
150,武隆区茶园,武隆区273号,24,1957,川剧,16.02,954,False,社区型,"[""\u5ddd\u5267""]",2025-11-11 15:10:58,106.4845129,29.5567499
151,大渡口区茶园,大渡口区92号,6,1967,"川剧,麻将,盖碗茶",76.34,817,False,景区型,"[""\u5ddd\u5267"", ""\u9ebb\u5c06"", ""\u76d6\u7897\u8336""]",2025-11-11 15:10:58,106.636537,29.5039413
152,綦江区茶舍,綦江区424号,16,2004,"评书,麻将",67.36,804,False,商务型,"[""\u8bc4\u4e66"", ""\u9ebb\u5c06""]",2025-11-11 15:10:58,106.5505308,29.6057262
153,开州区茶舍,开州区54号,22,1988,评书,64.5,879,False,景区型,"[""\u8bc4\u4e66""]",2025-11-11 15:10:58,106.469121,29.5952754
154,武隆区老茶馆,武隆区371号,24,1913,"评书,麻将",39.72,149,True,社区型,"[""\u8bc4\u4e66"", ""\u9ebb\u5c06""]",2025-11-11 15:10:58,106.5678932,29.5811519
155,彭水县茶艺馆,彭水县94号,36,1995,"茶艺,古筝,采耳",76.39,716,False,社区型,"[""\u8336\u827a"", ""\u53e4\u7b5d"", ""\u91c7\u8033""]",2025-11-11 15:10:58,106.5106446,29.5500188
156,奉节县茶艺馆,奉节县327号,30,2019,"盖碗茶,茶艺",46.1,630,False,商务型,"[""\u76d6\u7897\u8336"", ""\u8336\u827a""]",2025-11-11 15:10:58,106.5868582,29.5396002
157,大足区茶艺馆,大足区401号,17,1951,采耳,18.24,208,False,景区型,"[""\u91c7\u8033""]",2025-11-11 15:10:58,106.5154066,29.5335743
158,垫江县茶园,垫江县319号,27,1994,"麻将,川剧",76.12,572,False,社区型,"[""\u9ebb\u5c06"", ""\u5ddd\u5267""]",2025-11-11 15:10:58,106.5412584,29.539638
159,江北区茶舍,江北区155号,2,1974,"古筝,茶艺",47.43,215,False,景区型,"[""\u53e4\u7b5d"", ""\u8336\u827a""]",2025-11-11 15:10:58,106.5572519,29.5785959
160,江北区茶艺馆,江北区251号,2,1993,"古筝,评书,川剧",36.24,335,False,景区型,"[""\u53e4\u7b5d"", ""\u8bc4\u4e66"", ""\u5ddd\u5267""]",2025-11-11 15:10:58,106.4915474,29.5634263
161,丰都县茶舍,丰都县480号,26,2015,"评书,茶艺",59.05,433,False,景区型,"[""\u8bc4\u4e66"", ""\u8336\u827a""]",2025-11-11 15:10:58,106.5935854,29.5123735
162,万州区老茶馆,万州区190号,10,1965,"川剧,古筝,茶艺",74.53,547,False,景区型,"[""\u5ddd\u5267"", ""\u53e4\u7b5d"", ""\u8336\u827a""]",2025-11-11 15:10:58,106.5990479,29.561366
163,九龙坡区茶艺馆,九龙坡区480号,5,1988,"麻将,茶艺,盖碗茶",39.19,536,False,社区型,"[""\u9ebb\u5c06"", ""\u8336\u827a"", ""\u76d6\u7897\u8336""]",2025-11-11 15:10:58,106.5682862,29.5912121
164,丰都县老茶馆,丰都县174号,26,1956,"采耳,评书,古筝",69.85,146,False,景区型,"[""\u91c7\u8033"", ""\u8bc4\u4e66"", ""\u53e4\u7b5d""]",2025-11-11 15:10:58,106.5415681,29.5756564
165,巫山县茶艺馆,巫山县334号,31,1998,"采耳,古筝",23.42,312,False,社区型,"[""\u91c7\u8033"", ""\u53e4\u7b5d""]",2025-11-11 15:10:58,106.5645309,29.5857471
166,合川区茶艺馆,合川区152号,13,1983,"盖碗茶,采耳",25.42,974,False,景区型,"[""\u76d6\u7897\u8336"", ""\u91c7\u8033""]",2025-11-11 15:10:58,106.5556828,29.6092021
167,渝北区茶舍,渝北区102号,8,2008,"茶艺,评书,川剧",52.93,919,False,商务型,"[""\u8336\u827a"", ""\u8bc4\u4e66"", ""\u5ddd\u5267""]",2025-11-11 15:10:58,106.594185,29.5194857
168,铜梁区茶舍,铜梁区55号,19,1979,茶艺,79.65,776,False,社区型,"[""\u8336\u827a""]",2025-11-11 15:10:58,106.5560477,29.554886
169,开州区老茶馆,开州区282号,22,1978,"茶艺,古筝",45.92,425,False,社区型,"[""\u8336\u827a"", ""\u53e4\u7b5d""]",2025-11-11 15:10:58,106.5119615,29.5578624
170,涪陵区茶园,涪陵区286号,11,1980,"茶艺,盖碗茶,麻将",68.21,961,False,社区型,"[""\u8336\u827a"", ""\u76d6\u7897\u8336"", ""\u9ebb\u5c06""]",2025-11-11 15:10:58,106.53471,29.4992072
171,铜梁区茶园,铜梁区87号,19,1981,"盖碗茶,麻将",38.79,686,False,社区型,"[""\u76d6\u7897\u8336"", ""\u9ebb\u5c06""]",2025-11-11 15:10:58,106.5403598,29.5345997
172,巴南区茶艺馆,巴南区139号,9,2019,"盖碗茶,评书",46.84,287,False,景区型,"[""\u76d6\u7897\u8336"", ""\u8bc4\u4e66""]",2025-11-11 15:10:58,106.5526089,29.5787748
173,武隆区茶园,武隆区110号,24,2010,"采耳,古筝",18.08,245,False,景区型,"[""\u91c7\u8033"", ""\u53e4\u7b5d""]",2025-11-11 15:10:58,106.5665253,29.5622494
174,城口县茶园,城口县237号,25,1951,"川剧,古筝",24.01,529,False,社区型,"[""\u5ddd\u5267"", ""\u53e4\u7b5d""]",2025-11-11 15:10:58,106.5446515,29.5033888
175,梁平区茶园,梁平区41号,23,2004,"盖碗茶,评书",58.74,808,False,景区型,"[""\u76d6\u7897\u8336"", ""\u8bc4\u4e66""]",2025-11-11 15:10:58,106.5288909,29.5786381
176,巫溪县老茶馆,巫溪县436号,32,1966,评书,40.01,780,False,景区型,"[""\u8bc4\u4e66""]",2025-11-11 15:10:58,106.5851943,29.6196286
177,梁平区茶舍,梁平区299号,23,1990,"麻将,古筝,评书",45.55,737,False,社区型,"[""\u9ebb\u5c06"", ""\u53e4\u7b5d"", ""\u8bc4\u4e66""]",2025-11-11 15:10:58,106.5409321,29.5582109
178,梁平区茶园,梁平区232号,23,1996,"茶艺,盖碗茶",24.13,533,False,社区型,"[""\u8336\u827a"", ""\u76d6\u7897\u8336""]",2025-11-11 15:10:58,106.4812599,29.5981719
179,巴南区茶艺馆,巴南区432号,9,2012,"采耳,茶艺,麻将",32.24,502,False,商务型,"[""\u91c7\u8033"", ""\u8336\u827a"", ""\u9ebb\u5c06""]",2025-11-11 15:10:58,106.607872,29.5741469
180,荣昌区茶艺馆,荣昌区7号,21,2000,评书,48.96,306,False,景区型,"[""\u8bc4\u4e66""]",2025-11-11 15:10:58,106.5524384,29.5641946
181,云阳县茶园,云阳县480号,29,1988,"采耳,评书",23.86,773,False,社区型,"[""\u91c7\u8033"", ""\u8bc4\u4e66""]",2025-11-11 15:10:58,106.5969984,29.5765974
182,巫山县茶舍,巫山县335号,31,2002,"采耳,评书",63.7,592,False,商务型,"[""\u91c7\u8033"", ""\u8bc4\u4e66""]",2025-11-11 15:10:58,106.5677348,29.5396955
183,忠县茶舍,忠县10号,28,1974,"采耳,评书,麻将",65.89,790,False,社区型,"[""\u91c7\u8033"", ""\u8bc4\u4e66"", ""\u9ebb\u5c06""]",2025-11-11 15:10:58,106.4852303,29.5094502
184,綦江区茶园,綦江区305号,16,1969,"川剧,采耳,麻将",35.43,302,False,社区型,"[""\u5ddd\u5267"", ""\u91c7\u8033"", ""\u9ebb\u5c06""]",2025-11-11 15:10:58,106.5243078,29.6117486
185,石柱县茶舍,石柱县24号,33,2002,"茶艺,古筝",48.47,666,False,景区型,"[""\u8336\u827a"", ""\u53e4\u7b5d""]",2025-11-11 15:10:58,106.5249466,29.5285141
186,永川区茶艺馆,永川区424号,12,2000,川剧,34.21,158,False,景区型,"[""\u5ddd\u5267""]",2025-11-11 15:10:58,106.4989823,29.6307883
187,垫江县茶园,垫江县449号,27,2015,"麻将,盖碗茶",22.58,39,False,景区型,"[""\u9ebb\u5c06"", ""\u76d6\u7897\u8336""]",2025-11-11 15:10:58,106.5343189,29.5356632
188,大足区茶艺馆,大足区162号,17,2019,采耳,32.58,629,False,商务型,"[""\u91c7\u8033""]",2025-11-11 15:10:58,106.4721418,29.5052672
189,潼南区茶舍,潼南区127号,20,1993,麻将,16.61,710,False,景区型,"[""\u9ebb\u5c06""]",2025-11-11 15:10:58,106.5833453,29.5545776
190,铜梁区老茶馆,铜梁区80号,19,2024,"盖碗茶,采耳,古筝",65.49,358,False,商务型,"[""\u76d6\u7897\u8336"", ""\u91c7\u8033"", ""\u53e4\u7b5d""]",2025-11-11 15:10:58,106.5823657,29.5064359
191,江津区茶园,江津区415号,14,1960,"采耳,川剧,古筝",56.37,650,False,景区型,"[""\u91c7\u8033"", ""\u5ddd\u5267"", ""\u53e4\u7b5d""]",2025-11-11 15:10:58,106.6031956,29.5589867
192,石柱县老茶馆,石柱县164号,33,2005,"古筝,采耳",74.37,743,False,商务型,"[""\u53e4\u7b5d"", ""\u91c7\u8033""]",2025-11-11 15:10:58,106.517294,29.5553084
193,渝北区茶园,渝北区286号,8,1985,"川剧,茶艺",17.7,516,False,社区型,"[""\u5ddd\u5267"", ""\u8336\u827a""]",2025-11-11 15:10:58,106.5850429,29.5209969
194,彭水县茶舍,彭水县316号,36,2011,"麻将,评书,古筝",41.83,600,False,商务型,"[""\u9ebb\u5c06"", ""\u8bc4\u4e66"", ""\u53e4\u7b5d""]",2025-11-11 15:10:58,106.5890589,29.5852236
195,永川区茶舍,永川区215号,12,1978,"采耳,古筝",23.07,470,False,社区型,"[""\u91c7\u8033"", ""\u53e4\u7b5d""]",2025-11-11 15:10:58,106.4828009,29.6041366
196,璧山区茶艺馆,璧山区171号,18,1973,"评书,盖碗茶,川剧",26.67,384,False,景区型,"[""\u8bc4\u4e66"", ""\u76d6\u7897\u8336"", ""\u5ddd\u5267""]",2025-11-11 15:10:58,106.4658366,29.5035772
197,九龙坡区老茶馆,九龙坡区169号,5,2004,"麻将,古筝",79.53,242,False,景区型,"[""\u9ebb\u5c06"", ""\u53e4\u7b5d""]",2025-11-11 15:10:58,106.6105786,29.560932
198,秀山县茶艺馆,秀山县315号,34,2003,"麻将,川剧",66.74,890,False,商务型,"[""\u9ebb\u5c06"", ""\u5ddd\u5267""]",2025-11-11 15:10:58,106.4920131,29.5373997
199,南川区茶艺馆,南川区133号,15,1994,评书,67.7,403,False,景区型,"[""\u8bc4\u4e66""]",2025-11-11 15:10:58,106.6073656,29.5800733
200,大渡口区茶艺馆,大渡口区479号,6,1985,"盖碗茶,古筝,麻将",36.23,896,False,景区型,"[""\u76d6\u7897\u8336"", ""\u53e4\u7b5d"", ""\u9ebb\u5c06""]",2025-11-11 15:10:58,106.6034011,29.5637615
201,铜梁区老茶馆,铜梁区336号,19,2019,盖碗茶,74.66,658,False,景区型,"[""\u76d6\u7897\u8336""]",2025-11-11 15:10:58,106.5447645,29.5351902
202,梁平区茶园,梁平区5号,23,1999,"麻将,川剧",47.22,159,False,社区型,"[""\u9ebb\u5c06"", ""\u5ddd\u5267""]",2025-11-11 15:10:58,106.5117113,29.538933
203,酉阳县茶舍,酉阳县276号,35,1977,"盖碗茶,采耳",26.66,279,False,景区型,"[""\u76d6\u7897\u8336"", ""\u91c7\u8033""]",2025-11-11 15:10:58,106.5454245,29.5428506
204,永川区茶舍,永川区327号,12,1980,麻将,24.39,860,False,景区型,"[""\u9ebb\u5c06""]",2025-11-11 15:10:58,106.516278,29.5900942
205,綦江区茶艺馆,綦江区367号,16,1970,"评书,川剧,古筝",23.82,554,False,景区型,"[""\u8bc4\u4e66"", ""\u5ddd\u5267"", ""\u53e4\u7b5d""]",2025-11-11 15:10:58,106.576957,29.6265218
206,忠县茶艺馆,忠县390号,28,1943,评书,41.37,701,True,社区型,"[""\u8bc4\u4e66""]",2025-11-11 15:10:58,106.4796781,29.5116627
207,南川区老茶馆,南川区101号,15,1923,"古筝,采耳,盖碗茶",30.57,690,True,社区型,"[""\u53e4\u7b5d"", ""\u91c7\u8033"", ""\u76d6\u7897\u8336""]",2025-11-11 15:10:58,106.6081683,29.5894987
208,秀山县茶舍,秀山县50号,34,1929,"采耳,评书",79.98,974,True,社区型,"[""\u91c7\u8033"", ""\u8bc4\u4e66""]",2025-11-11 15:10:58,106.5003845,29.5958444
209,永川区老茶馆,永川区332号,12,1972,川剧,45.14,638,False,社区型,"[""\u5ddd\u5267""]",2025-11-11 15:10:58,106.5364233,29.5873321
210,潼南区茶舍,潼南区35号,20,1957,麻将,62.81,342,False,社区型,"[""\u9ebb\u5c06""]",2025-11-11 15:10:58,106.5328458,29.5915841
211,潼南区老茶馆,潼南区36号,20,1987,"盖碗茶,川剧",78.51,133,False,景区型,"[""\u76d6\u7897\u8336"", ""\u5ddd\u5267""]",2025-11-11 15:10:58,106.5146099,29.5481503
212,涪陵区茶园,涪陵区296号,11,1955,麻将,43.52,260,False,景区型,"[""\u9ebb\u5c06""]",2025-11-11 15:10:58,106.5945061,29.5123971
213,云阳县茶园,云阳县232号,29,1982,"古筝,盖碗茶",34.95,674,False,景区型,"[""\u53e4\u7b5d"", ""\u76d6\u7897\u8336""]",2025-11-11 15:10:58,106.5753666,29.5564985
214,北碚区茶园,北碚区166号,7,1984,"古筝,采耳",70.03,866,False,景区型,"[""\u53e4\u7b5d"", ""\u91c7\u8033""]",2025-11-11 15:10:58,106.5642098,29.5434626
215,铜梁区茶艺馆,铜梁区286号,19,1915,古筝,56.78,37,True,社区型,"[""\u53e4\u7b5d""]",2025-11-11 15:10:58,106.5231255,29.5285693
216,荣昌区茶舍,荣昌区283号,21,1960,茶艺,65.75,931,False,景区型,"[""\u8336\u827a""]",2025-11-11 15:10:58,106.6142687,29.6006232
217,綦江区茶艺馆,綦江区47号,16,2016,评书,24.13,641,False,景区型,"[""\u8bc4\u4e66""]",2025-11-11 15:10:58,106.5579947,29.6069719
218,九龙坡区茶园,九龙坡区60号,5,1983,古筝,79.96,917,False,景区型,"[""\u53e4\u7b5d""]",2025-11-11 15:10:58,106.5836711,29.5661795
219,秀山县老茶馆,秀山县409号,34,1971,"茶艺,川剧,盖碗茶",60.8,529,False,社区型,"[""\u8336\u827a"", ""\u5ddd\u5267"", ""\u76d6\u7897\u8336""]",2025-11-11 15:10:58,106.5479543,29.56537
220,南岸区老茶馆,南岸区357号,3,2014,川剧,48.77,949,False,商务型,"[""\u5ddd\u5267""]",2025-11-11 15:10:58,106.4684029,29.5722415
221,江北区老茶馆,江北区311号,2,1953,古筝,58.58,55,False,景区型,"[""\u53e4\u7b5d""]",2025-11-11 15:10:58,106.5704723,29.5541404
222,南岸区茶艺馆,南岸区416号,3,1983,"麻将,川剧",57.93,483,False,景区型,"[""\u9ebb\u5c06"", ""\u5ddd\u5267""]",2025-11-11 15:10:58,106.4968045,29.6032936
223,石柱县茶园,石柱县339号,33,1959,"评书,古筝",64.49,38,False,社区型,"[""\u8bc4\u4e66"", ""\u53e4\u7b5d""]",2025-11-11 15:10:58,106.5080299,29.5494227
224,南川区老茶馆,南川区473号,15,2003,"茶艺,川剧",64.89,495,False,商务型,"[""\u8336\u827a"", ""\u5ddd\u5267""]",2025-11-11 15:10:58,106.591722,29.5975252
225,永川区茶舍,永川区467号,12,1993,"茶艺,评书,古筝",60.78,917,False,景区型,"[""\u8336\u827a"", ""\u8bc4\u4e66"", ""\u53e4\u7b5d""]",2025-11-11 15:10:58,106.4922906,29.6126393
226,云阳县老茶馆,云阳县225号,29,2019,"采耳,评书,川剧",28.39,464,False,商务型,"[""\u91c7\u8033"", ""\u8bc4\u4e66"", ""\u5ddd\u5267""]",2025-11-11 15:10:58,106.5311124,29.5083964
227,秀山县茶舍,秀山县185号,34,1997,"评书,盖碗茶,川剧",50.08,823,False,社区型,"[""\u8bc4\u4e66"", ""\u76d6\u7897\u8336"", ""\u5ddd\u5267""]",2025-11-11 15:10:58,106.539206,29.5470626
228,开州区茶园,开州区406号,22,1988,川剧,32.86,796,False,社区型,"[""\u5ddd\u5267""]",2025-11-11 15:10:58,106.5087579,29.5594505
229,铜梁区茶艺馆,铜梁区12号,19,1903,川剧,55.76,23,True,社区型,"[""\u5ddd\u5267""]",2025-11-11 15:10:58,106.5211294,29.5374336
230,万州区茶园,万州区173号,10,2007,"盖碗茶,麻将,评书",51.57,330,False,商务型,"[""\u76d6\u7897\u8336"", ""\u9ebb\u5c06"", ""\u8bc4\u4e66""]",2025-11-11 15:10:58,106.5516765,29.6061733
231,石柱县茶园,石柱县135号,33,1989,麻将,28.06,710,False,景区型,"[""\u9ebb\u5c06""]",2025-11-11 15:10:58,106.5313678,29.5364412
232,秀山县老茶馆,秀山县139号,34,1966,"盖碗茶,麻将",69.39,740,False,景区型,"[""\u76d6\u7897\u8336"", ""\u9ebb\u5c06""]",2025-11-11 15:10:58,106.5056418,29.5472273
233,巫溪县茶舍,巫溪县337号,32,1974,麻将,60.95,632,False,社区型,"[""\u9ebb\u5c06""]",2025-11-11 15:10:58,106.5863238,29.5578977
234,云阳县茶园,云阳县86号,29,1944,"盖碗茶,麻将",48.32,74,True,社区型,"[""\u76d6\u7897\u8336"", ""\u9ebb\u5c06""]",2025-11-11 15:10:58,106.5293821,29.5142067
235,南川区茶园,南川区34号,15,1962,古筝,31.57,329,False,景区型,"[""\u53e4\u7b5d""]",2025-11-11 15:10:58,106.5663029,29.5763312
236,巴南区茶艺馆,巴南区351号,9,1989,"评书,麻将,川剧",79.47,874,False,社区型,"[""\u8bc4\u4e66"", ""\u9ebb\u5c06"", ""\u5ddd\u5267""]",2025-11-11 15:10:58,106.5137945,29.5450094
237,沙坪坝区茶园,沙坪坝区271号,4,2011,"采耳,评书,古筝",65.92,16,False,商务型,"[""\u91c7\u8033"", ""\u8bc4\u4e66"", ""\u53e4\u7b5d""]",2025-11-11 15:10:58,106.5434845,29.5613532
238,垫江县茶舍,垫江县292号,27,2020,"麻将,茶艺",68.41,103,False,景区型,"[""\u9ebb\u5c06"", ""\u8336\u827a""]",2025-11-11 15:10:58,106.6001037,29.5537024
239,江津区茶园,江津区98号,14,1972,"盖碗茶,麻将,采耳",43.37,81,False,景区型,"[""\u76d6\u7897\u8336"", ""\u9ebb\u5c06"", ""\u91c7\u8033""]",2025-11-11 15:10:58,106.6222696,29.6219233
240,南岸区老茶馆,南岸区499号,3,1950,"川剧,古筝,盖碗茶",31.16,738,False,社区型,"[""\u5ddd\u5267"", ""\u53e4\u7b5d"", ""\u76d6\u7897\u8336""]",2025-11-11 15:10:58,106.5073091,29.624143
241,巫山县茶艺馆,巫山县120号,31,1964,"茶艺,评书",66.99,904,False,景区型,"[""\u8336\u827a"", ""\u8bc4\u4e66""]",2025-11-11 15:10:58,106.5900233,29.5676428
242,潼南区老茶馆,潼南区64号,20,2015,麻将,48.68,687,False,商务型,"[""\u9ebb\u5c06""]",2025-11-11 15:10:58,106.5801653,29.5329804
243,北碚区老茶馆,北碚区37号,7,1985,"采耳,盖碗茶",26.86,450,False,景区型,"[""\u91c7\u8033"", ""\u76d6\u7897\u8336""]",2025-11-11 15:10:58,106.5414738,29.5827125
244,彭水县老茶馆,彭水县427号,36,1992,茶艺,16.53,236,False,景区型,"[""\u8336\u827a""]",2025-11-11 15:10:58,106.5408042,29.5800637
245,荣昌区茶舍,荣昌区17号,21,2012,"川剧,评书",47.16,636,False,景区型,"[""\u5ddd\u5267"", ""\u8bc4\u4e66""]",2025-11-11 15:10:58,106.6085324,29.5571464
246,城口县茶舍,城口县465号,25,1987,"评书,川剧,麻将",52.67,191,False,社区型,"[""\u8bc4\u4e66"", ""\u5ddd\u5267"", ""\u9ebb\u5c06""]",2025-11-11 15:10:58,106.5132731,29.5103386
247,荣昌区茶艺馆,荣昌区66号,21,1974,采耳,67.28,463,False,社区型,"[""\u91c7\u8033""]",2025-11-11 15:10:58,106.5629991,29.5784119
248,武隆区茶园,武隆区194号,24,2023,"盖碗茶,川剧,古筝",55.41,644,False,商务型,"[""\u76d6\u7897\u8336"", ""\u5ddd\u5267"", ""\u53e4\u7b5d""]",2025-11-11 15:10:58,106.5493747,29.5533507
249,铜梁区老茶馆,铜梁区247号,19,2013,"茶艺,盖碗茶",43.32,78,False,景区型,"[""\u8336\u827a"", ""\u76d6\u7897\u8336""]",2025-11-11 15:10:58,106.5374748,29.5145033
250,綦江区茶舍,綦江区329号,16,2002,"麻将,茶艺",74.44,667,False,景区型,"[""\u9ebb\u5c06"", ""\u8336\u827a""]",2025-11-11 15:10:58,106.5287019,29.5964701
251,永川区茶艺馆,永川区329号,12,1976,"评书,盖碗茶",29.61,590,False,景区型,"[""\u8bc4\u4e66"", ""\u76d6\u7897\u8336""]",2025-11-11 15:10:58,106.5251713,29.6155071
252,璧山区老茶馆,璧山区446号,18,1978,"古筝,盖碗茶,川剧",41.92,284,False,景区型,"[""\u53e4\u7b5d"", ""\u76d6\u7897\u8336"", ""\u5ddd\u5267""]",2025-11-11 15:10:58,106.4706017,29.5363312
253,彭水县茶园,彭水县91号,36,1966,古筝,66.16,283,False,景区型,"[""\u53e4\u7b5d""]",2025-11-11 15:10:58,106.5604351,29.5121951
254,巫溪县老茶馆,巫溪县486号,32,1937,"麻将,采耳,评书",43.58,312,True,社区型,"[""\u9ebb\u5c06"", ""\u91c7\u8033"", ""\u8bc4\u4e66""]",2025-11-11 15:10:58,106.6349585,29.560021
255,奉节县茶艺馆,奉节县108号,30,2015,"采耳,盖碗茶",68.72,939,False,商务型,"[""\u91c7\u8033"", ""\u76d6\u7897\u8336""]",2025-11-11 15:10:58,106.5417106,29.5071553
256,彭水县茶舍,彭水县435号,36,1970,采耳,72.91,316,False,景区型,"[""\u91c7\u8033""]",2025-11-11 15:10:58,106.544206,29.5715805
257,渝中区茶园,渝中区447号,1,2001,"评书,川剧,采耳",22.86,723,False,景区型,"[""\u8bc4\u4e66"", ""\u5ddd\u5267"", ""\u91c7\u8033""]",2025-11-11 15:10:58,106.5964681,29.533171
258,大足区茶园,大足区273号,17,1907,盖碗茶,45.13,912,True,社区型,"[""\u76d6\u7897\u8336""]",2025-11-11 15:10:58,106.5436494,29.5552126
259,南岸区茶舍,南岸区391号,3,1992,采耳,38.45,588,False,景区型,"[""\u91c7\u8033""]",2025-11-11 15:10:58,106.5311434,29.6118512
260,南川区茶舍,南川区62号,15,1966,"古筝,麻将",49.58,179,False,景区型,"[""\u53e4\u7b5d"", ""\u9ebb\u5c06""]",2025-11-11 15:10:58,106.5635431,29.5835607
261,江津区茶舍,江津区351号,14,2023,"古筝,评书,麻将",41.68,445,False,景区型,"[""\u53e4\u7b5d"", ""\u8bc4\u4e66"", ""\u9ebb\u5c06""]",2025-11-11 15:10:58,106.6002842,29.5855641
262,酉阳县老茶馆,酉阳县405号,35,2000,"川剧,评书",51.06,687,False,商务型,"[""\u5ddd\u5267"", ""\u8bc4\u4e66""]",2025-11-11 15:10:58,106.5242464,29.559538
263,酉阳县老茶馆,酉阳县348号,35,2023,"评书,盖碗茶,川剧",19.85,530,False,景区型,"[""\u8bc4\u4e66"", ""\u76d6\u7897\u8336"", ""\u5ddd\u5267""]",2025-11-11 15:10:58,106.5106963,29.531101
264,彭水县茶园,彭水县165号,36,1969,"盖碗茶,茶艺,采耳",48.61,954,False,景区型,"[""\u76d6\u7897\u8336"", ""\u8336\u827a"", ""\u91c7\u8033""]",2025-11-11 15:10:58,106.556713,29.5823192
265,沙坪坝区老茶馆,沙坪坝区379号,4,1973,"采耳,茶艺,麻将",46.74,168,False,景区型,"[""\u91c7\u8033"", ""\u8336\u827a"", ""\u9ebb\u5c06""]",2025-11-11 15:10:58,106.4930983,29.5792281
266,铜梁区茶艺馆,铜梁区493号,19,1958,"古筝,茶艺",23.3,366,False,社区型,"[""\u53e4\u7b5d"", ""\u8336\u827a""]",2025-11-11 15:10:58,106.5591085,29.5589127
267,永川区老茶馆,永川区440号,12,1912,"麻将,茶艺",71.78,652,True,社区型,"[""\u9ebb\u5c06"", ""\u8336\u827a""]",2025-11-11 15:10:58,106.4785263,29.6113712
268,巫溪县茶艺馆,巫溪县453号,32,1952,"评书,川剧,麻将",54.61,953,False,社区型,"[""\u8bc4\u4e66"", ""\u5ddd\u5267"", ""\u9ebb\u5c06""]",2025-11-11 15:10:58,106.5792414,29.6233168
269,巫山县茶艺馆,巫山县106号,31,1990,"古筝,川剧,盖碗茶",57.71,855,False,景区型,"[""\u53e4\u7b5d"", ""\u5ddd\u5267"", ""\u76d6\u7897\u8336""]",2025-11-11 15:10:58,106.5960802,29.5288616
270,渝北区茶园,渝北区378号,8,2010,"麻将,茶艺,盖碗茶",60.36,414,False,景区型,"[""\u9ebb\u5c06"", ""\u8336\u827a"", ""\u76d6\u7897\u8336""]",2025-11-11 15:10:58,106.5266465,29.5188251
271,奉节县茶舍,奉节县182号,30,1952,"盖碗茶,川剧",15.56,804,False,社区型,"[""\u76d6\u7897\u8336"", ""\u5ddd\u5267""]",2025-11-11 15:10:58,106.5409745,29.4925002
272,渝中区茶园,渝中区487号,1,1995,"麻将,茶艺,采耳",28.52,580,False,社区型,"[""\u9ebb\u5c06"", ""\u8336\u827a"", ""\u91c7\u8033""]",2025-11-11 15:10:58,106.5968892,29.5823676
273,渝北区茶园,渝北区386号,8,1962,采耳,73.59,649,False,景区型,"[""\u91c7\u8033""]",2025-11-11 15:10:58,106.537872,29.5769036
274,潼南区老茶馆,潼南区336号,20,2024,盖碗茶,48.83,180,False,商务型,"[""\u76d6\u7897\u8336""]",2025-11-11 15:10:58,106.5057867,29.5852505
275,南岸区茶舍,南岸区157号,3,1988,"川剧,评书,麻将",40.96,618,False,景区型,"[""\u5ddd\u5267"", ""\u8bc4\u4e66"", ""\u9ebb\u5c06""]",2025-11-11 15:10:58,106.4919182,29.5897588
276,酉阳县茶园,酉阳县6号,35,1998,古筝,56.58,886,False,社区型,"[""\u53e4\u7b5d""]",2025-11-11 15:10:58,106.5195387,29.5463077
277,秀山县茶园,秀山县198号,34,1952,采耳,50.25,95,False,景区型,"[""\u91c7\u8033""]",2025-11-11 15:10:58,106.5263041,29.5843076
278,北碚区茶园,北碚区10号,7,2011,"盖碗茶,茶艺",67.06,900,False,商务型,"[""\u76d6\u7897\u8336"", ""\u8336\u827a""]",2025-11-11 15:10:58,106.5253742,29.5869237
279,綦江区茶园,綦江区218号,16,2016,川剧,47.47,212,False,商务型,"[""\u5ddd\u5267""]",2025-11-11 15:10:58,106.5525538,29.6302482
280,奉节县茶艺馆,奉节县220号,30,1976,盖碗茶,19.49,129,False,社区型,"[""\u76d6\u7897\u8336""]",2025-11-11 15:10:58,106.6215696,29.5296184
281,大渡口区茶园,大渡口区165号,6,1956,古筝,23.81,560,False,景区型,"[""\u53e4\u7b5d""]",2025-11-11 15:10:58,106.5657556,29.5228579
282,万州区茶舍,万州区335号,10,1978,"古筝,盖碗茶",57.49,974,False,景区型,"[""\u53e4\u7b5d"", ""\u76d6\u7897\u8336""]",2025-11-11 15:10:58,106.5877087,29.5709349
283,丰都县老茶馆,丰都县210号,26,1984,"麻将,古筝,评书",17.75,146,False,社区型,"[""\u9ebb\u5c06"", ""\u53e4\u7b5d"", ""\u8bc4\u4e66""]",2025-11-11 15:10:58,106.5447227,29.5437004
284,巫山县茶艺馆,巫山县298号,31,1999,评书,18.89,271,False,社区型,"[""\u8bc4\u4e66""]",2025-11-11 15:10:58,106.6100521,29.5360087
285,涪陵区老茶馆,涪陵区401号,11,1988,麻将,33.1,675,False,社区型,"[""\u9ebb\u5c06""]",2025-11-11 15:10:58,106.5838544,29.5293109
286,奉节县老茶馆,奉节县126号,30,1935,盖碗茶,19.47,436,True,社区型,"[""\u76d6\u7897\u8336""]",2025-11-11 15:10:58,106.6105156,29.5399532
287,涪陵区茶舍,涪陵区252号,11,1980,茶艺,63.85,653,False,社区型,"[""\u8336\u827a""]",2025-11-11 15:10:58,106.6200873,29.5323562
288,开州区茶园,开州区324号,22,1953,"茶艺,评书",42.5,571,False,社区型,"[""\u8336\u827a"", ""\u8bc4\u4e66""]",2025-11-11 15:10:58,106.4807749,29.6127248
289,梁平区茶艺馆,梁平区316号,23,1973,采耳,45.79,828,False,景区型,"[""\u91c7\u8033""]",2025-11-11 15:10:58,106.5107074,29.5562768
290,巫溪县茶园,巫溪县369号,32,2017,评书,35.17,941,False,商务型,"[""\u8bc4\u4e66""]",2025-11-11 15:10:58,106.5877661,29.5883614
291,南川区茶艺馆,南川区385号,15,1967,"茶艺,川剧,麻将",71.31,185,False,景区型,"[""\u8336\u827a"", ""\u5ddd\u5267"", ""\u9ebb\u5c06""]",2025-11-11 15:10:58,106.5947448,29.5785427
292,秀山县茶艺馆,秀山县364号,34,1977,"评书,麻将",30.05,808,False,社区型,"[""\u8bc4\u4e66"", ""\u9ebb\u5c06""]",2025-11-11 15:10:58,106.4923534,29.5354676
293,永川区老茶馆,永川区127号,12,1974,"盖碗茶,采耳",42.86,488,False,社区型,"[""\u76d6\u7897\u8336"", ""\u91c7\u8033""]",2025-11-11 15:10:58,106.5488785,29.5926418
294,梁平区茶园,梁平区386号,23,1993,采耳,44.93,288,False,景区型,"[""\u91c7\u8033""]",2025-11-11 15:10:58,106.544533,29.6013695
295,北碚区茶艺馆,北碚区150号,7,1993,"采耳,麻将,古筝",47.34,129,False,社区型,"[""\u91c7\u8033"", ""\u9ebb\u5c06"", ""\u53e4\u7b5d""]",2025-11-11 15:10:58,106.5901008,29.5792614
296,永川区茶园,永川区131号,12,1979,"麻将,采耳,茶艺",78.78,80,False,景区型,"[""\u9ebb\u5c06"", ""\u91c7\u8033"", ""\u8336\u827a""]",2025-11-11 15:10:58,106.4825277,29.5831225
297,璧山区老茶馆,璧山区337号,18,2024,"评书,川剧,茶艺",60.36,927,False,商务型,"[""\u8bc4\u4e66"", ""\u5ddd\u5267"", ""\u8336\u827a""]",2025-11-11 15:10:58,106.5052347,29.5208505
298,荣昌区茶艺馆,荣昌区92号,21,2005,古筝,45.8,210,False,景区型,"[""\u53e4\u7b5d""]",2025-11-11 15:10:58,106.586013,29.5712896
299,綦江区茶园,綦江区74号,16,1951,"评书,茶艺",16.89,925,False,社区型,"[""\u8bc4\u4e66"", ""\u8336\u827a""]",2025-11-11 15:10:58,106.493001,29.5891326
300,云阳县茶舍,云阳县248号,29,2022,麻将,33.72,829,False,景区型,"[""\u9ebb\u5c06""]",2025-11-11 15:10:58,106.5364203,29.5063209
